     shots,    errors,  discards, seconds,decoder,strong_id,json_metadata,custom_counts
         1,         0,         1,   0.009,PostSelectionSampler,c3e0f604c2216c7e9b0e4c661af668127b230715c8d8e0f8dde1b5b870c8e182,"{""c"":""expansion-H-double-injection-ghz"",""d1"":2,""d2"":11,""noise"":""uniform"",""p"":0.0001}",
      1296,         0,      1084,   0.014,PostSelectionSampler,c3e0f604c2216c7e9b0e4c661af668127b230715c8d8e0f8dde1b5b870c8e182,"{""c"":""expansion-H-double-injection-ghz"",""d1"":2,""d2"":11,""noise"":""uniform"",""p"":0.0001}",
      1024,         0,       862,   0.024,PostSelectionSampler,c3e0f604c2216c7e9b0e4c661af668127b230715c8d8e0f8dde1b5b870c8e182,"{""c"":""expansion-H-double-injection-ghz"",""d1"":2,""d2"":11,""noise"":""uniform"",""p"":0.0001}",
         1,         0,         1,   0.019,PostSelectionSampler,c7acf875fc42ce57fd6353c9f86489e21152ebb7ff195952dca4409ca856d2e9,"{""c"":""expansion-H-double-injection-ghz"",""d1"":2,""d2"":11,""noise"":""uniform_atoms"",""p"":0.0001}",
      1296,         0,       984,   0.014,PostSelectionSampler,c7acf875fc42ce57fd6353c9f86489e21152ebb7ff195952dca4409ca856d2e9,"{""c"":""expansion-H-double-injection-ghz"",""d1"":2,""d2"":11,""noise"":""uniform_atoms"",""p"":0.0001}",
         1,         0,         1,   0.011,PostSelectionSampler,9b331d45fd4d86a93b468f6f87cc97a04f17c980ffa1ac5374ab7fb4c2e2855c,"{""c"":""expansion-H-double-injection-ghz"",""d1"":2,""d2"":11,""noise"":""uniform_atoms"",""p"":0.0005}",
      1024,         0,       851,   0.025,PostSelectionSampler,c3e0f604c2216c7e9b0e4c661af668127b230715c8d8e0f8dde1b5b870c8e182,"{""c"":""expansion-H-double-injection-ghz"",""d1"":2,""d2"":11,""noise"":""uniform"",""p"":0.0001}",
       273,         0,       273,   0.014,PostSelectionSampler,4e4fd38ca913799a716d06ecfe06fc89ba709e1dc44f95e0d49f8689b97594d6,"{""c"":""expansion-H-double-injection-ghz"",""d1"":2,""d2"":11,""noise"":""uniform_atoms"",""p"":0.001}",
      1296,         0,      1295,   0.012,PostSelectionSampler,9b331d45fd4d86a93b468f6f87cc97a04f17c980ffa1ac5374ab7fb4c2e2855c,"{""c"":""expansion-H-double-injection-ghz"",""d1"":2,""d2"":11,""noise"":""uniform_atoms"",""p"":0.0005}",
         1,         0,         1,   0.010,PostSelectionSampler,7aff391c68932dafd604d1a378d3a49fb5becf7702a9199dc5c4aeef98e180bc,"{""c"":""expansion-H-double-injection-ghz"",""d1"":2,""d2"":11,""noise"":""uniform_atoms"",""p"":0.0003}",
       273,         0,       273,   0.012,PostSelectionSampler,00ebc75607d9e294700d2273ead4fe4adbc167217bd2301b9a9a35caaa12fedd,"{""c"":""expansion-H-double-injection-ghz"",""d1"":2,""d2"":11,""noise"":""uniform"",""p"":0.0005}",
      2048,         0,      2048,   0.021,PostSelectionSampler,4e4fd38ca913799a716d06ecfe06fc89ba709e1dc44f95e0d49f8689b97594d6,"{""c"":""expansion-H-double-injection-ghz"",""d1"":2,""d2"":11,""noise"":""uniform_atoms"",""p"":0.001}",
      1296,         0,      1282,   0.018,PostSelectionSampler,7aff391c68932dafd604d1a378d3a49fb5becf7702a9199dc5c4aeef98e180bc,"{""c"":""expansion-H-double-injection-ghz"",""d1"":2,""d2"":11,""noise"":""uniform_atoms"",""p"":0.0003}",
      1024,         0,      1024,   0.013,PostSelectionSampler,00ebc75607d9e294700d2273ead4fe4adbc167217bd2301b9a9a35caaa12fedd,"{""c"":""expansion-H-double-injection-ghz"",""d1"":2,""d2"":11,""noise"":""uniform"",""p"":0.0005}",
      2048,         0,      2047,   0.026,PostSelectionSampler,9b331d45fd4d86a93b468f6f87cc97a04f17c980ffa1ac5374ab7fb4c2e2855c,"{""c"":""expansion-H-double-injection-ghz"",""d1"":2,""d2"":11,""noise"":""uniform_atoms"",""p"":0.0005}",
      2048,         0,      1504,   0.045,PostSelectionSampler,c7acf875fc42ce57fd6353c9f86489e21152ebb7ff195952dca4409ca856d2e9,"{""c"":""expansion-H-double-injection-ghz"",""d1"":2,""d2"":11,""noise"":""uniform_atoms"",""p"":0.0001}",
      3072,         0,      2553,   0.040,PostSelectionSampler,c3e0f604c2216c7e9b0e4c661af668127b230715c8d8e0f8dde1b5b870c8e182,"{""c"":""expansion-H-double-injection-ghz"",""d1"":2,""d2"":11,""noise"":""uniform"",""p"":0.0001}",
      1024,         0,      1024,   0.015,PostSelectionSampler,4e4fd38ca913799a716d06ecfe06fc89ba709e1dc44f95e0d49f8689b97594d6,"{""c"":""expansion-H-double-injection-ghz"",""d1"":2,""d2"":11,""noise"":""uniform_atoms"",""p"":0.001}",
      3072,         0,      3037,   0.028,PostSelectionSampler,7aff391c68932dafd604d1a378d3a49fb5becf7702a9199dc5c4aeef98e180bc,"{""c"":""expansion-H-double-injection-ghz"",""d1"":2,""d2"":11,""noise"":""uniform_atoms"",""p"":0.0003}",
      3072,         0,      2343,   0.036,PostSelectionSampler,c7acf875fc42ce57fd6353c9f86489e21152ebb7ff195952dca4409ca856d2e9,"{""c"":""expansion-H-double-injection-ghz"",""d1"":2,""d2"":11,""noise"":""uniform_atoms"",""p"":0.0001}",
         1,         0,         1,   0.007,PostSelectionSampler,a96f18462c527540927f37ea56e7c782ea1043ad74a9a17c68c68db10f4502ea,"{""c"":""expansion-H-double-injection-ghz"",""d1"":2,""d2"":11,""noise"":""uniform"",""p"":0.0002}",
      2048,         0,      2047,   0.030,PostSelectionSampler,00ebc75607d9e294700d2273ead4fe4adbc167217bd2301b9a9a35caaa12fedd,"{""c"":""expansion-H-double-injection-ghz"",""d1"":2,""d2"":11,""noise"":""uniform"",""p"":0.0005}",
      2048,         0,      2047,   0.033,PostSelectionSampler,9b331d45fd4d86a93b468f6f87cc97a04f17c980ffa1ac5374ab7fb4c2e2855c,"{""c"":""expansion-H-double-injection-ghz"",""d1"":2,""d2"":11,""noise"":""uniform_atoms"",""p"":0.0005}",
      2048,         0,      2013,   0.021,PostSelectionSampler,7aff391c68932dafd604d1a378d3a49fb5becf7702a9199dc5c4aeef98e180bc,"{""c"":""expansion-H-double-injection-ghz"",""d1"":2,""d2"":11,""noise"":""uniform_atoms"",""p"":0.0003}",
      3072,         0,      3072,   0.033,PostSelectionSampler,4e4fd38ca913799a716d06ecfe06fc89ba709e1dc44f95e0d49f8689b97594d6,"{""c"":""expansion-H-double-injection-ghz"",""d1"":2,""d2"":11,""noise"":""uniform_atoms"",""p"":0.001}",
         1,         0,         1,   0.014,PostSelectionSampler,8998cc3226dbe689c6cd071c7a14d44947249e22caac6dfedb035b4c35da5240,"{""c"":""expansion-H-double-injection-ghz"",""d1"":2,""d2"":11,""noise"":""uniform_atoms"",""p"":0.0002}",
      2320,         0,      2246,   0.023,PostSelectionSampler,a96f18462c527540927f37ea56e7c782ea1043ad74a9a17c68c68db10f4502ea,"{""c"":""expansion-H-double-injection-ghz"",""d1"":2,""d2"":11,""noise"":""uniform"",""p"":0.0002}",
      5120,         0,      4247,   0.054,PostSelectionSampler,c3e0f604c2216c7e9b0e4c661af668127b230715c8d8e0f8dde1b5b870c8e182,"{""c"":""expansion-H-double-injection-ghz"",""d1"":2,""d2"":11,""noise"":""uniform"",""p"":0.0001}",
        17,         0,        17,   0.007,PostSelectionSampler,e0227c92cc99f22d9f14c769683539de754eddbe42eeccec591757dc194085d7,"{""c"":""expansion-H-double-injection-ghz"",""d1"":2,""d2"":11,""noise"":""uniform"",""p"":0.0003}",
      1296,         0,      1216,   0.013,PostSelectionSampler,8998cc3226dbe689c6cd071c7a14d44947249e22caac6dfedb035b4c35da5240,"{""c"":""expansion-H-double-injection-ghz"",""d1"":2,""d2"":11,""noise"":""uniform_atoms"",""p"":0.0002}",
      2048,         0,      2048,   0.027,PostSelectionSampler,00ebc75607d9e294700d2273ead4fe4adbc167217bd2301b9a9a35caaa12fedd,"{""c"":""expansion-H-double-injection-ghz"",""d1"":2,""d2"":11,""noise"":""uniform"",""p"":0.0005}",
      3072,         0,      2285,   0.043,PostSelectionSampler,c7acf875fc42ce57fd6353c9f86489e21152ebb7ff195952dca4409ca856d2e9,"{""c"":""expansion-H-double-injection-ghz"",""d1"":2,""d2"":11,""noise"":""uniform_atoms"",""p"":0.0001}",
      4096,         0,      4091,   0.037,PostSelectionSampler,9b331d45fd4d86a93b468f6f87cc97a04f17c980ffa1ac5374ab7fb4c2e2855c,"{""c"":""expansion-H-double-injection-ghz"",""d1"":2,""d2"":11,""noise"":""uniform_atoms"",""p"":0.0005}",
      4096,         0,      4040,   0.039,PostSelectionSampler,7aff391c68932dafd604d1a378d3a49fb5becf7702a9199dc5c4aeef98e180bc,"{""c"":""expansion-H-double-injection-ghz"",""d1"":2,""d2"":11,""noise"":""uniform_atoms"",""p"":0.0003}",
      3072,         0,      2983,   0.028,PostSelectionSampler,a96f18462c527540927f37ea56e7c782ea1043ad74a9a17c68c68db10f4502ea,"{""c"":""expansion-H-double-injection-ghz"",""d1"":2,""d2"":11,""noise"":""uniform"",""p"":0.0002}",
      1280,         0,      1271,   0.020,PostSelectionSampler,e0227c92cc99f22d9f14c769683539de754eddbe42eeccec591757dc194085d7,"{""c"":""expansion-H-double-injection-ghz"",""d1"":2,""d2"":11,""noise"":""uniform"",""p"":0.0003}",
      3072,         0,      3072,   0.034,PostSelectionSampler,4e4fd38ca913799a716d06ecfe06fc89ba709e1dc44f95e0d49f8689b97594d6,"{""c"":""expansion-H-double-injection-ghz"",""d1"":2,""d2"":11,""noise"":""uniform_atoms"",""p"":0.001}",
      2048,         0,      1933,   0.032,PostSelectionSampler,8998cc3226dbe689c6cd071c7a14d44947249e22caac6dfedb035b4c35da5240,"{""c"":""expansion-H-double-injection-ghz"",""d1"":2,""d2"":11,""noise"":""uniform_atoms"",""p"":0.0002}",
        17,         0,        17,   0.010,PostSelectionSampler,84c7497511a559083e1ad6bb505f1f361f3eeb36407ce2c6fd33793d60fa0e63,"{""c"":""expansion-H-double-injection-ghz"",""d1"":2,""d2"":11,""noise"":""uniform"",""p"":0.001}",
      3072,         0,      3072,   0.033,PostSelectionSampler,00ebc75607d9e294700d2273ead4fe4adbc167217bd2301b9a9a35caaa12fedd,"{""c"":""expansion-H-double-injection-ghz"",""d1"":2,""d2"":11,""noise"":""uniform"",""p"":0.0005}",
      2048,         1,      1998,   0.018,PostSelectionSampler,a96f18462c527540927f37ea56e7c782ea1043ad74a9a17c68c68db10f4502ea,"{""c"":""expansion-H-double-injection-ghz"",""d1"":2,""d2"":11,""noise"":""uniform"",""p"":0.0002}",
      3072,         0,      3060,   0.028,PostSelectionSampler,e0227c92cc99f22d9f14c769683539de754eddbe42eeccec591757dc194085d7,"{""c"":""expansion-H-double-injection-ghz"",""d1"":2,""d2"":11,""noise"":""uniform"",""p"":0.0003}",
      2048,         0,      1926,   0.028,PostSelectionSampler,8998cc3226dbe689c6cd071c7a14d44947249e22caac6dfedb035b4c35da5240,"{""c"":""expansion-H-double-injection-ghz"",""d1"":2,""d2"":11,""noise"":""uniform_atoms"",""p"":0.0002}",
      4096,         0,      4029,   0.051,PostSelectionSampler,7aff391c68932dafd604d1a378d3a49fb5becf7702a9199dc5c4aeef98e180bc,"{""c"":""expansion-H-double-injection-ghz"",""d1"":2,""d2"":11,""noise"":""uniform_atoms"",""p"":0.0003}",
      1280,         0,      1280,   0.021,PostSelectionSampler,84c7497511a559083e1ad6bb505f1f361f3eeb36407ce2c6fd33793d60fa0e63,"{""c"":""expansion-H-double-injection-ghz"",""d1"":2,""d2"":11,""noise"":""uniform"",""p"":0.001}",
      6144,         1,      5120,   0.079,PostSelectionSampler,c3e0f604c2216c7e9b0e4c661af668127b230715c8d8e0f8dde1b5b870c8e182,"{""c"":""expansion-H-double-injection-ghz"",""d1"":2,""d2"":11,""noise"":""uniform"",""p"":0.0001}",
      4096,         0,      3118,   0.050,PostSelectionSampler,c7acf875fc42ce57fd6353c9f86489e21152ebb7ff195952dca4409ca856d2e9,"{""c"":""expansion-H-double-injection-ghz"",""d1"":2,""d2"":11,""noise"":""uniform_atoms"",""p"":0.0001}",
      5120,         0,      5116,   0.052,PostSelectionSampler,9b331d45fd4d86a93b468f6f87cc97a04f17c980ffa1ac5374ab7fb4c2e2855c,"{""c"":""expansion-H-double-injection-ghz"",""d1"":2,""d2"":11,""noise"":""uniform_atoms"",""p"":0.0005}",
      2048,         0,      2043,   0.033,PostSelectionSampler,e0227c92cc99f22d9f14c769683539de754eddbe42eeccec591757dc194085d7,"{""c"":""expansion-H-double-injection-ghz"",""d1"":2,""d2"":11,""noise"":""uniform"",""p"":0.0003}",
      2048,         0,      1991,   0.023,PostSelectionSampler,a96f18462c527540927f37ea56e7c782ea1043ad74a9a17c68c68db10f4502ea,"{""c"":""expansion-H-double-injection-ghz"",""d1"":2,""d2"":11,""noise"":""uniform"",""p"":0.0002}",
      1024,         0,      1024,   0.015,PostSelectionSampler,84c7497511a559083e1ad6bb505f1f361f3eeb36407ce2c6fd33793d60fa0e63,"{""c"":""expansion-H-double-injection-ghz"",""d1"":2,""d2"":11,""noise"":""uniform"",""p"":0.001}",
      3072,         0,      3072,   0.064,PostSelectionSampler,4e4fd38ca913799a716d06ecfe06fc89ba709e1dc44f95e0d49f8689b97594d6,"{""c"":""expansion-H-double-injection-ghz"",""d1"":2,""d2"":11,""noise"":""uniform_atoms"",""p"":0.001}",
      4096,         0,      3860,   0.037,PostSelectionSampler,8998cc3226dbe689c6cd071c7a14d44947249e22caac6dfedb035b4c35da5240,"{""c"":""expansion-H-double-injection-ghz"",""d1"":2,""d2"":11,""noise"":""uniform_atoms"",""p"":0.0002}",
      3072,         0,      3072,   0.054,PostSelectionSampler,00ebc75607d9e294700d2273ead4fe4adbc167217bd2301b9a9a35caaa12fedd,"{""c"":""expansion-H-double-injection-ghz"",""d1"":2,""d2"":11,""noise"":""uniform"",""p"":0.0005}",
      2048,         0,      2048,   0.035,PostSelectionSampler,84c7497511a559083e1ad6bb505f1f361f3eeb36407ce2c6fd33793d60fa0e63,"{""c"":""expansion-H-double-injection-ghz"",""d1"":2,""d2"":11,""noise"":""uniform"",""p"":0.001}",
      3072,         0,      3061,   0.043,PostSelectionSampler,e0227c92cc99f22d9f14c769683539de754eddbe42eeccec591757dc194085d7,"{""c"":""expansion-H-double-injection-ghz"",""d1"":2,""d2"":11,""noise"":""uniform"",""p"":0.0003}",
      4096,         1,      3966,   0.046,PostSelectionSampler,a96f18462c527540927f37ea56e7c782ea1043ad74a9a17c68c68db10f4502ea,"{""c"":""expansion-H-double-injection-ghz"",""d1"":2,""d2"":11,""noise"":""uniform"",""p"":0.0002}",
      6144,         0,      6049,   0.064,PostSelectionSampler,7aff391c68932dafd604d1a378d3a49fb5becf7702a9199dc5c4aeef98e180bc,"{""c"":""expansion-H-double-injection-ghz"",""d1"":2,""d2"":11,""noise"":""uniform_atoms"",""p"":0.0003}",
      4096,         0,      4089,   0.078,PostSelectionSampler,9b331d45fd4d86a93b468f6f87cc97a04f17c980ffa1ac5374ab7fb4c2e2855c,"{""c"":""expansion-H-double-injection-ghz"",""d1"":2,""d2"":11,""noise"":""uniform_atoms"",""p"":0.0005}",
      8192,         0,      6271,   0.080,PostSelectionSampler,c7acf875fc42ce57fd6353c9f86489e21152ebb7ff195952dca4409ca856d2e9,"{""c"":""expansion-H-double-injection-ghz"",""d1"":2,""d2"":11,""noise"":""uniform_atoms"",""p"":0.0001}",
      5120,         0,      4832,   0.045,PostSelectionSampler,8998cc3226dbe689c6cd071c7a14d44947249e22caac6dfedb035b4c35da5240,"{""c"":""expansion-H-double-injection-ghz"",""d1"":2,""d2"":11,""noise"":""uniform_atoms"",""p"":0.0002}",
      3072,         0,      3072,   0.037,PostSelectionSampler,84c7497511a559083e1ad6bb505f1f361f3eeb36407ce2c6fd33793d60fa0e63,"{""c"":""expansion-H-double-injection-ghz"",""d1"":2,""d2"":11,""noise"":""uniform"",""p"":0.001}",
      7168,         0,      7168,   0.072,PostSelectionSampler,4e4fd38ca913799a716d06ecfe06fc89ba709e1dc44f95e0d49f8689b97594d6,"{""c"":""expansion-H-double-injection-ghz"",""d1"":2,""d2"":11,""noise"":""uniform_atoms"",""p"":0.001}",
      7168,         2,      5984,   0.085,PostSelectionSampler,c3e0f604c2216c7e9b0e4c661af668127b230715c8d8e0f8dde1b5b870c8e182,"{""c"":""expansion-H-double-injection-ghz"",""d1"":2,""d2"":11,""noise"":""uniform"",""p"":0.0001}",
      5120,         0,      5119,   0.066,PostSelectionSampler,00ebc75607d9e294700d2273ead4fe4adbc167217bd2301b9a9a35caaa12fedd,"{""c"":""expansion-H-double-injection-ghz"",""d1"":2,""d2"":11,""noise"":""uniform"",""p"":0.0005}",
      4096,         0,      4080,   0.043,PostSelectionSampler,e0227c92cc99f22d9f14c769683539de754eddbe42eeccec591757dc194085d7,"{""c"":""expansion-H-double-injection-ghz"",""d1"":2,""d2"":11,""noise"":""uniform"",""p"":0.0003}",
      5120,         2,      4970,   0.060,PostSelectionSampler,a96f18462c527540927f37ea56e7c782ea1043ad74a9a17c68c68db10f4502ea,"{""c"":""expansion-H-double-injection-ghz"",""d1"":2,""d2"":11,""noise"":""uniform"",""p"":0.0002}",
      3072,         0,      3072,   0.044,PostSelectionSampler,84c7497511a559083e1ad6bb505f1f361f3eeb36407ce2c6fd33793d60fa0e63,"{""c"":""expansion-H-double-injection-ghz"",""d1"":2,""d2"":11,""noise"":""uniform"",""p"":0.001}",
      7168,         0,      6721,   0.064,PostSelectionSampler,8998cc3226dbe689c6cd071c7a14d44947249e22caac6dfedb035b4c35da5240,"{""c"":""expansion-H-double-injection-ghz"",""d1"":2,""d2"":11,""noise"":""uniform_atoms"",""p"":0.0002}",
      6144,         0,      6066,   0.080,PostSelectionSampler,7aff391c68932dafd604d1a378d3a49fb5becf7702a9199dc5c4aeef98e180bc,"{""c"":""expansion-H-double-injection-ghz"",""d1"":2,""d2"":11,""noise"":""uniform_atoms"",""p"":0.0003}",
      7168,         1,      5443,   0.108,PostSelectionSampler,c7acf875fc42ce57fd6353c9f86489e21152ebb7ff195952dca4409ca856d2e9,"{""c"":""expansion-H-double-injection-ghz"",""d1"":2,""d2"":11,""noise"":""uniform_atoms"",""p"":0.0001}",
      7168,         0,      7137,   0.070,PostSelectionSampler,e0227c92cc99f22d9f14c769683539de754eddbe42eeccec591757dc194085d7,"{""c"":""expansion-H-double-injection-ghz"",""d1"":2,""d2"":11,""noise"":""uniform"",""p"":0.0003}",
      8192,         0,      8185,   0.108,PostSelectionSampler,9b331d45fd4d86a93b468f6f87cc97a04f17c980ffa1ac5374ab7fb4c2e2855c,"{""c"":""expansion-H-double-injection-ghz"",""d1"":2,""d2"":11,""noise"":""uniform_atoms"",""p"":0.0005}",
      9216,         0,      9216,   0.093,PostSelectionSampler,4e4fd38ca913799a716d06ecfe06fc89ba709e1dc44f95e0d49f8689b97594d6,"{""c"":""expansion-H-double-injection-ghz"",""d1"":2,""d2"":11,""noise"":""uniform_atoms"",""p"":0.001}",
      8192,         0,      8191,   0.093,PostSelectionSampler,00ebc75607d9e294700d2273ead4fe4adbc167217bd2301b9a9a35caaa12fedd,"{""c"":""expansion-H-double-injection-ghz"",""d1"":2,""d2"":11,""noise"":""uniform"",""p"":0.0005}",
      4096,         0,      4096,   0.062,PostSelectionSampler,84c7497511a559083e1ad6bb505f1f361f3eeb36407ce2c6fd33793d60fa0e63,"{""c"":""expansion-H-double-injection-ghz"",""d1"":2,""d2"":11,""noise"":""uniform"",""p"":0.001}",
      9216,         1,      8937,   0.091,PostSelectionSampler,a96f18462c527540927f37ea56e7c782ea1043ad74a9a17c68c68db10f4502ea,"{""c"":""expansion-H-double-injection-ghz"",""d1"":2,""d2"":11,""noise"":""uniform"",""p"":0.0002}",
     12288,         3,     10186,   0.130,PostSelectionSampler,c3e0f604c2216c7e9b0e4c661af668127b230715c8d8e0f8dde1b5b870c8e182,"{""c"":""expansion-H-double-injection-ghz"",""d1"":2,""d2"":11,""noise"":""uniform"",""p"":0.0001}",
     10240,         0,      9591,   0.102,PostSelectionSampler,8998cc3226dbe689c6cd071c7a14d44947249e22caac6dfedb035b4c35da5240,"{""c"":""expansion-H-double-injection-ghz"",""d1"":2,""d2"":11,""noise"":""uniform_atoms"",""p"":0.0002}",
      8192,         0,      8156,   0.094,PostSelectionSampler,e0227c92cc99f22d9f14c769683539de754eddbe42eeccec591757dc194085d7,"{""c"":""expansion-H-double-injection-ghz"",""d1"":2,""d2"":11,""noise"":""uniform"",""p"":0.0003}",
     11264,         0,     11085,   0.140,PostSelectionSampler,7aff391c68932dafd604d1a378d3a49fb5becf7702a9199dc5c4aeef98e180bc,"{""c"":""expansion-H-double-injection-ghz"",""d1"":2,""d2"":11,""noise"":""uniform_atoms"",""p"":0.0003}",
     12288,         0,      9225,   0.137,PostSelectionSampler,c7acf875fc42ce57fd6353c9f86489e21152ebb7ff195952dca4409ca856d2e9,"{""c"":""expansion-H-double-injection-ghz"",""d1"":2,""d2"":11,""noise"":""uniform_atoms"",""p"":0.0001}",
     13312,         0,     13298,   0.143,PostSelectionSampler,9b331d45fd4d86a93b468f6f87cc97a04f17c980ffa1ac5374ab7fb4c2e2855c,"{""c"":""expansion-H-double-injection-ghz"",""d1"":2,""d2"":11,""noise"":""uniform_atoms"",""p"":0.0005}",
      7168,         0,      7168,   0.108,PostSelectionSampler,84c7497511a559083e1ad6bb505f1f361f3eeb36407ce2c6fd33793d60fa0e63,"{""c"":""expansion-H-double-injection-ghz"",""d1"":2,""d2"":11,""noise"":""uniform"",""p"":0.001}",
      9216,         0,      9216,   0.111,PostSelectionSampler,4e4fd38ca913799a716d06ecfe06fc89ba709e1dc44f95e0d49f8689b97594d6,"{""c"":""expansion-H-double-injection-ghz"",""d1"":2,""d2"":11,""noise"":""uniform_atoms"",""p"":0.001}",
     10240,         0,     10239,   0.143,PostSelectionSampler,00ebc75607d9e294700d2273ead4fe4adbc167217bd2301b9a9a35caaa12fedd,"{""c"":""expansion-H-double-injection-ghz"",""d1"":2,""d2"":11,""noise"":""uniform"",""p"":0.0005}",
     10240,         0,      9947,   0.124,PostSelectionSampler,a96f18462c527540927f37ea56e7c782ea1043ad74a9a17c68c68db10f4502ea,"{""c"":""expansion-H-double-injection-ghz"",""d1"":2,""d2"":11,""noise"":""uniform"",""p"":0.0002}",
     13312,         0,     12552,   0.118,PostSelectionSampler,8998cc3226dbe689c6cd071c7a14d44947249e22caac6dfedb035b4c35da5240,"{""c"":""expansion-H-double-injection-ghz"",""d1"":2,""d2"":11,""noise"":""uniform_atoms"",""p"":0.0002}",
